INSERT INTO categoria VALUES(1, 'Alimentos');
INSERT INTO categoria VALUES(2, 'Bebidas');
INSERT INTO categoria VALUES(3, 'Cervejas');
INSERT INTO categoria VALUES(4, 'Para sua casa');
INSERT INTO categoria VALUES(5, 'Cama Mesa e Banho');
INSERT INTO categoria VALUES(6, 'Higiene Pessoal');
INSERT INTO categoria VALUES(7, 'Limpeza');
INSERT INTO categoria VALUES(8, 'Produtos químicos');
INSERT INTO categoria VALUES(9, 'Utensilios');
INSERT INTO categoria VALUES(10, 'Frios');
INSERT INTO categoria VALUES(11, 'Cereais');
INSERT INTO categoria VALUES(12, 'Massas');
INSERT INTO categoria VALUES(13, 'Toalhas');

INSERT INTO secao VALUES(1, 'Laticinios');
INSERT INTO secao VALUES(2, 'Padaria');
INSERT INTO secao VALUES(3, 'Acougue');
INSERT INTO secao VALUES(4, 'Bebidas');
INSERT INTO secao VALUES(5, 'Hortifruti');
INSERT INTO secao VALUES(6, 'Papelaria');
INSERT INTO secao VALUES(7, 'Camping');
INSERT INTO secao VALUES(8, 'Frios');
INSERT INTO secao VALUES(9, 'Limpeza');
INSERT INTO secao VALUES(10, 'Cereais');
INSERT INTO secao VALUES(11, 'Cama Mesa e Banho');
INSERT INTO secao VALUES(12, 'Massas');

INSERT INTO fabricante VALUES('11111111000111', 'Seara', 'Seara Alimentos SA', 'contato@seara.com.br');
INSERT INTO fabricante VALUES('11111111000112', 'Vasconcelos', 'Grupos Vasconcelos SA', 'contato@arrozvasconcelos.com.br');
INSERT INTO fabricante VALUES('11111111000113', 'Cocal', 'Cocal Alimentos LTDA', 'contato@cocalalimentos.com.br', 'Avenida Inglaterra', '260', NULL, 'Tibery', 'Uberlandia', 'MG', '38405-050');
INSERT INTO fabricante VALUES('11111111000114', 'SOL', 'Sol Produtos Para o Lar', 'contato@solprodutos.com.br');
INSERT INTO fabricante VALUES('11111111000115', 'PeG', 'Procter and Gamble SA', 'contact@pg.com');
INSERT INTO fabricante VALUES('11111111000116', 'Santa Amalia', 'Pastificio Santa Amalia LTDA','falecom@psa.ind.br');
INSERT INTO fabricante VALUES('11111111000117', 'Unilever', 'Unilever PLC', 'contactus@uniliever.com');
INSERT INTO fabricante VALUES('11111111000118', 'Marilan', 'Marilan Produtos Alimenticios LTDA', 'contato@marilan.com', NULL, NULL, NULL, 'Marilia', 'SP', NULL);
INSERT INTO fabricante VALUES('11111111000119', 'Mistuwa Shoyu', 'Alimentos Wilson LTDA', 'sac@alimentoswilson.com.br', 'Rodovia Raposo Tavares', NULL, 'Km 555.5', NULL, 'Regente Feijo', 'SP', '19030-020');
INSERT INTO fabricante VALUES('61283636000182', 'Foroni', 'Foroni industria de Papeis LTDA', 'contato@foroni.com.br');

INSERT INTO produto VALUES(1, 'Coxa de frango congelada SEARA Pacote 1kg', '11111111000111', 'UN', '<imagePath>', 10, 9.99, 100, 8);
INSERT INTO produto VALUES(2, 'Salsicha resfriada SEARA', '11111111000111', 'KG', '<imagePath>', 10, 6.99, 40, 8);
INSERT INTO produto VALUES(3, 'Asas de frango congelada SEARA', '11111111000111', 'KG', '<imagePath>', 10, 11.79, 30, 8);
INSERT INTO produto VALUES(4, 'File de frango congelado SEARA', '11111111000111', 'KG', '<imagePath>', 10, 10.90, 80, 8);
INSERT INTO produto VALUES(5, 'Espetinho de frango temperado resfriado', '11111111000111', 'UN', '<imagePath>', 10, 12.90, 150, 8);
INSERT INTO produto VALUES(6, 'Arroz Vasconcelos TIPO 1 - 5kg', '11111111000112', 'UN', '<imagePath>', 11, 13.99, 100, 10);
INSERT INTO produto VALUES(7, 'Feijao Vasconcelos TIPO 1 - 1KG', '11111111000112', 'UN', '<imagePath>', 11, 5.99, 100, 10);
INSERT INTO produto VALUES(8, 'Arroz Cocal TIPO 1 - 5kg', '11111111000113', 'UN', '<imagePath>', 11, 12.99, 300, 10);
INSERT INTO produto VALUES(9, 'Feijao Preto Vasconcelos TIPO 1 - 1KG', '11111111000112', 'UN', '<imagePath>', 11, 8.99, 50, 10);
INSERT INTO produto VALUES(10, 'Farinha de Trigo TIPO 1 Tradicional 1KG SOL', '11111111000114', 'UN', '<imagePath>', 11, 3.80, 200, 10);
INSERT INTO produto VALUES(11, 'Shampoo Pantene Restauração Profunda 400ml', '11111111000115', 'UN', '<imagePath>', 6, 19.99, 8, 11);
INSERT INTO produto VALUES(12, 'Condicionador Pantene Brilho Extremo 175ml', '11111111000115', 'UN', '<imagePath>', 6, 15.49, 8, 11);
INSERT INTO produto VALUES(13, 'Macarrao espaguete 500g Santa Amalia', '11111111000116', 'UN', '<imagePath>', 12, 2.90, 18, 12);

INSERT INTO relacao_categorias VALUES(2, 3);
INSERT INTO relacao_categorias VALUES(1, 10);
INSERT INTO relacao_categorias VALUES(1, 11);
INSERT INTO relacao_categorias VALUES(1, 12);
INSERT INTO relacao_categorias VALUES(4, 5);
INSERT INTO relacao_categorias VALUES(4, 7);
INSERT INTO relacao_categorias VALUES(5, 6);
INSERT INTO relacao_categorias VALUES(7, 8);
INSERT INTO relacao_categorias VALUES(7, 9);
INSERT INTO relacao_categorias VALUES(11, 13);

INSERT INTO fornecedor VALUES('22222222000122', 'Copal Alimentos LTDA', '111', 'Avenida Leoberto Leal', 1280, NULL, NUll, 'Sao Jose', 'SP', NULL, 'supermercado2@copalalimentos.com.br', 'Marcelo Santos');
INSERT INTO fornecedor VALUES('22222222000123', 'Nova Safra Food Service LTDA', '112', NULL, NULL, NULL, NUll, 'Belo Horizonte', 'MG', NULL, 'atendimentons03@novasafra.com.br', 'Luciano José da Silva');
INSERT INTO fornecedor VALUES('22222222000124', 'STO Atacadista e Distribuidor LTDA', '113', 'Gleba 3 Lote 461 Area Incra 09', NULL, 'KM 12', NUll, 'Belo Horizonte', 'MG', NULL, 'atendimentons03@novasafra.com.br', 'Luciano José da Silva');
INSERT INTO fornecedor VALUES('35485758000160', 'syllogistic grist', 6, 'Rua parry zymosthenic', 464, 'SALA 99', 'spermatoid', 'apheliotropically', 'MG', '34579014', 'goniatitic@stipulation.org', 'Bud Bossert ');
INSERT INTO fornecedor VALUES('36471212000192', 'ungospellike artefact', 6, 'Rua multivalent clubbable', 769, 'SALA 98', 'propwood', 'saddled', 'MG', '35814030', 'reprehensible@sanskritist.edu', 'Corinna Taschereau ');
INSERT INTO fornecedor VALUES('37456667000124', 'achalasia cognisable', 5, 'Rua acataleptic unbeholdenness', 588, 'SALA 12', 'omnifariousness', 'anaqua', 'MG', '38192040', 'wellring@pretardiness.com', 'Tanna Hauptly ');
INSERT INTO fornecedor VALUES('38442122000150', 'peakily cotte', 5, 'Rua Gypaetus repermission', 422, 'SALA 100', 'wilsomely', 'drivable', 'MG', '34681532', 'readoption@reascendent.org', 'Danielle Seraille ');
INSERT INTO fornecedor VALUES('39427571000188', 'introconversion frolicly', 1, 'Rua protracter pantologist', 52, 'SALA 47', 'glutin', 'sloopman', 'MG', '40713531', 'sarcoadenoma@hyperbola.net', 'Carey Harbottle ');
INSERT INTO fornecedor VALUES('40413031000119', 'Chet hypersusceptibility', 8, 'Rua pasquil granulocyte', 681, 'SALA 30', 'unhustling', 'fibroneuroma', 'MG', '44793560', 'philosophist@suppressor.com', 'Mckinley Vauter ');
INSERT INTO fornecedor VALUES('41398485000142', 'Spathiflorae Pelew', 8, 'Rua unchristianness unfluted', 348, 'SALA 63', 'plundering', 'overplume', 'MG', '45546126', 'ingallantry@resinification.co.uk', 'Lucile Conaway ');

INSERT INTO telefones_fornecedor VALUES('22222222000122', '04830348800');
INSERT INTO telefones_fornecedor VALUES('22222222000122', '04830348843');
INSERT INTO telefones_fornecedor VALUES('22222222000123', '04034064583');
INSERT INTO telefones_fornecedor VALUES('22222222000124', '09241283582');
INSERT INTO telefones_fornecedor VALUES('35485758000160', '07230869070');
INSERT INTO telefones_fornecedor VALUES('36471212000192', '07938107023');
INSERT INTO telefones_fornecedor VALUES('37456667000124', '05643658716');
INSERT INTO telefones_fornecedor VALUES('38442122000150', '01147376680');
INSERT INTO telefones_fornecedor VALUES('39427571000188', '04141811282');
INSERT INTO telefones_fornecedor VALUES('40413031000119', '08439782709');
INSERT INTO telefones_fornecedor VALUES('40413031000119', '07332162743');
INSERT INTO telefones_fornecedor VALUES('41398485000142', '04632246296');

INSERT INTO fornecedor_produto VALUES(9, '22222222000122', 3.01);
INSERT INTO fornecedor_produto VALUES(6, '22222222000123', 5.49);
INSERT INTO fornecedor_produto VALUES(13, '22222222000124', 1.00);
INSERT INTO fornecedor_produto VALUES(5, '35485758000160', 7.00);
INSERT INTO fornecedor_produto VALUES(9, '22222222000123', 3.40);
INSERT INTO fornecedor_produto VALUES(12, '35485758000160', 10.01);
INSERT INTO fornecedor_produto VALUES(7, '36471212000192', 2.49);
INSERT INTO fornecedor_produto VALUES(11, '37456667000124', 10.90);
INSERT INTO fornecedor_produto VALUES(12, '36471212000192', 10.23);
INSERT INTO fornecedor_produto VALUES(9, '22222222000124', 3.51);
INSERT INTO fornecedor_produto VALUES(2, '38442122000150', 3.50);
INSERT INTO fornecedor_produto VALUES(6, '22222222000124', 7.53);
INSERT INTO fornecedor_produto VALUES(8, '40413031000119', 6.50);
INSERT INTO fornecedor_produto VALUES(7, '37456667000124', 3.54);
INSERT INTO fornecedor_produto VALUES(3, '39427571000188', 5.90);
INSERT INTO fornecedor_produto VALUES(6, '35485758000160', 6.72);
INSERT INTO fornecedor_produto VALUES(13, '35485758000160', 1.50);
INSERT INTO fornecedor_produto VALUES(7, '38442122000150', 2.66);
INSERT INTO fornecedor_produto VALUES(5, '41398485000142', 6.45);
INSERT INTO fornecedor_produto VALUES(12, '37456667000124', 10.77);
INSERT INTO fornecedor_produto VALUES(1, '22222222000122', 5.00);
INSERT INTO fornecedor_produto VALUES(4, '22222222000123', 5.45);
INSERT INTO fornecedor_produto VALUES(10, '40413031000119', 1.90);

INSERT INTO promocao VALUES (2, '2019-12-22','2020-12-22', 'Promoção ephebic','Válido apenas para unsuffocated servantcy');
INSERT INTO promocao VALUES (3, '2019-03-21','2020-03-21', 'Promoção tassal', 'Válido apenas para rareripe');
INSERT INTO promocao VALUES (1, '2019-04-17','2020-04-17', 'Promoção superalkaline','Válido apenas para sawdustlike unjudicable');
INSERT INTO promocao VALUES (4, '2019-08-03','2020-08-03', 'Promoção jewely','Válido apenas para stuntedness undergaoler');
INSERT INTO promocao VALUES (5, '2019-08-02','2020-08-02', 'Promoção ungenially','Válido apenas para unnameable abolitionist');
INSERT INTO promocao VALUES (6, '2019-10-23','2020-10-23', 'Promoção incompetent','Válido apenas para aethalioid phalanxed');
INSERT INTO promocao VALUES (7, '2019-04-20','2020-04-20', 'Promoção escalin','Válido apenas para Ephemerida Septibranchia');
INSERT INTO promocao VALUES (8, '2019-10-14','2020-10-14', 'Promoção photoengraving','Válido apenas para titration factorially');
INSERT INTO promocao VALUES (9, '2019-02-18','2020-02-18', 'Promoção carroty','Válido apenas para preadjournment Palaeosaurus');
INSERT INTO promocao VALUES (10, '2019-06-09','2020-06-09', 'Promoção pitiableness','Válido apenas para Bud deducible');

INSERT INTO produtos_promocao VALUES(1,2,3.362,18.43,13.88,8.4);
INSERT INTO produtos_promocao VALUES(2,3,4.71,19.10,12.01,9.44);
INSERT INTO produtos_promocao VALUES(3,1,3.45,17.69,10.77,8.16);
INSERT INTO produtos_promocao VALUES(4,4,1.52,15.26,11.63,7.56);
INSERT INTO produtos_promocao VALUES(5,5,3.57,17.12,11.74,6.22);
INSERT INTO produtos_promocao VALUES(6,6,4.73,17.08,11.02,6.40);
INSERT INTO produtos_promocao VALUES(7,7,2.61,15.05,10.03,8.89);
INSERT INTO produtos_promocao VALUES(8,8,4.31,17.95,13.74,9.36);
INSERT INTO produtos_promocao VALUES(9,9,2.04,17.69,10.53,6.75);
INSERT INTO produtos_promocao VALUES(10,10,1.77,19.53,12.77,8.16);

INSERT INTO categoria_cliente VALUES('comum',3000);
INSERT INTO categoria_cliente VALUES('diamante',7800);
INSERT INTO categoria_cliente VALUES('ouro',5400);
INSERT INTO categoria_cliente VALUES('prata',4200);

INSERT INTO cliente VALUES('10292857954','Haywood Bartmes','1953-10-23','dentista','comum');
INSERT INTO cliente VALUES('48011475638','Celinda Oberlin','1990-10-27','medico','diamante');
INSERT INTO cliente VALUES('49361950520','Eda Kretzinger','1987-07-24','engenheiro','comum');
INSERT INTO cliente VALUES('59691033376','Mee Maschmeyer','2000-10-28','professor','ouro');
INSERT INTO cliente VALUES('91512802040','Reyes Racina','1976-02-11','motorista','comum');
INSERT INTO cliente VALUES('91331996634','Tari Kinter','1999-04-10','pedreiro','ouro');
INSERT INTO cliente VALUES('31184823351','Katharine Brwon','1940-07-06','artesao','prata');
INSERT INTO cliente VALUES('38415250255','Jaimie Devillier','1985-04-09','contador','prata');
INSERT INTO cliente VALUES('66730312921','Sonya Behlke','1995-10-23','bombeiro','diamante');
INSERT INTO cliente VALUES('39857537467','Tori Earthman','1993-06-27','policial','prata');

INSERT INTO enderecos_cliente VALUES('10292857954','Mikaela Matejek',906,'Jerome','Marascalco','Sprow','MG','99498-072');
INSERT INTO enderecos_cliente VALUES('48011475638','Emmanuel Tschumperlin',1265,'Pat','Barrack','Loeber','SP','22468-043');
INSERT INTO enderecos_cliente VALUES('49361950520','Elva Sturrock',910,'Latesha','Becherer','Acrey','SC','54138-026');
INSERT INTO enderecos_cliente VALUES('59691033376','Ana Scappaticci',2446,'Bennie','Amargo','Herrnandez','RJ','95688-064');
INSERT INTO enderecos_cliente VALUES('91512802040','Gita Beuther',2372,'Joette','Peevey','Bitsuie','PA','79848-086');
INSERT INTO enderecos_cliente VALUES('91331996634','Janine Burkitt',530,'Frankie','Laurila','Chacko','PR','97108-098');
INSERT INTO enderecos_cliente VALUES('31184823351','Jamie Gosche',1899,'Buddy','Sugar','Sword','MT','23348-076');
INSERT INTO enderecos_cliente VALUES('38415250255','Annika Flinck',430,'Kaitlin','Disalvi','Sirwet','CE','92308-083');
INSERT INTO enderecos_cliente VALUES('66730312921','Delilah Eggart',1965,'Josphine','Vickey','Dolmajian','RS','79698-010');
INSERT INTO enderecos_cliente VALUES('39857537467','Leone Camey',738,'Xiomara','Foulke','Alpha','MG','95558-061');

INSERT INTO telefones_cliente VALUES('10292857954',21919607172);
INSERT INTO telefones_cliente VALUES('48011475638',38977872809);
INSERT INTO telefones_cliente VALUES('49361950520',18930196804);
INSERT INTO telefones_cliente VALUES('59691033376',20989895063);
INSERT INTO telefones_cliente VALUES('91512802040',35911095145);
INSERT INTO telefones_cliente VALUES('91331996634',15943479073);
INSERT INTO telefones_cliente VALUES('31184823351',30916570253);
INSERT INTO telefones_cliente VALUES('38415250255',15940910846);
INSERT INTO telefones_cliente VALUES('66730312921',24915241668);
INSERT INTO telefones_cliente VALUES('39857537467',36923836417);

INSERT INTO colaborador VALUES('14978075283',1800,1.0,40,'gerente',NULL);
INSERT INTO colaborador VALUES('64965565480',1800,1.0,40,'gerente',NULL);
INSERT INTO colaborador VALUES('58132525455',1800,1.0,40,'gerente',NULL);
INSERT INTO colaborador VALUES('18010475446',1800,1.0,40,'gerente',NULL);
INSERT INTO colaborador VALUES('83136225054',1800,1.0,40,'gerente',NULL);
INSERT INTO colaborador VALUES('13689007801',1800,1.0,40,'gerente',NULL);
INSERT INTO colaborador VALUES('26077516726',1800,1.0,40,'gerente',NULL);
INSERT INTO colaborador VALUES('21630372367',1800,1.0,40,'gerente',NULL);
INSERT INTO colaborador VALUES('37953759657',1800,1.0,40,'gerente',NULL);
INSERT INTO colaborador VALUES('36259394070',1800,1.0,40,'gerente',NULL);
INSERT INTO gerente VALUES('14978075283','Nereida Gilreath','Jeremy Dresch',1462,'intershock','cylindroogival','38618-038',35913481683,'1972-09-02','ensino superior','casado','2015-05-05',True);
INSERT INTO gerente VALUES('64965565480','Jina Pouliotte','Domingo Uimari',2239,'leathery','devilward','38136-042',21970518581,'1965-01-03','ensino superior','solteiro','2010-12-10',True);
INSERT INTO gerente VALUES('58132525455','Dia Forgy','Maisha Deviney',2859,'mallemuck','Manolis','38390-076',16988053138,'1993-03-04','ensino superior','casado','2000-07-07',True);
INSERT INTO gerente VALUES('18010475446','Cherlyn Stroth','Ron Balderree',4313,'Daemonelix','sharper','38453-080',35955194250,'1989-08-26','ensino superior','solteiro','2007-03-25',True);
INSERT INTO gerente VALUES('83136225054','Mike Ricke','Hildegard Malueg',315,'karite','amminolytic','38184-030',26963879567,'1983-07-24','ensino superior','casado','1989-09-15',True);
INSERT INTO gerente VALUES('13689007801','Delena Vansyckle','Alexis Obergfell',2605,'uncomraded','Astartian','38951-040',20990720324,'1981-12-05','ensino superior','solteiro','1995-08-12',True);
INSERT INTO gerente VALUES('26077516726','Shante Prevett','Elda Dahn',4936,'unfidelity','daube','38523-052',11913899197,'1991-07-26','ensino superior','solteiro','2007-12-17',True);
INSERT INTO gerente VALUES('21630372367','Whitney Forno','Josefina Salsbury',4123,'hielmite','myoliposis','38190-039',28946399017,'1970-06-15','ensino superior','casado','1980-03-02',True);
INSERT INTO gerente VALUES('37953759657','Ettie Yonek','Shavonne Hermansen',2432,'repetitory','saturated','38558-087',37924777994,'1986-05-25','ensino superior','casado','2002-10-07',True);
INSERT INTO gerente VALUES('36259394070','Bernadette Begeman','Melissa Echavarria',2139,'tribrachic','trichopathic','38783-088',34952752415,'1975-05-18','ensino superior','solteiro','2019-06-08',True);
INSERT INTO colaborador VALUES('11852048529',1500,1.5,44,'vigia',NULL);
INSERT INTO colaborador VALUES('21166533086',1500,1.5,44,'vigia',NULL);
INSERT INTO colaborador VALUES('28005443812',1500,1.5,44,'vigia',NULL);
INSERT INTO colaborador VALUES('10082363285',1500,1.5,44,'vigia',NULL);
INSERT INTO colaborador VALUES('49663061336',1500,1.5,44,'vigia',NULL);
INSERT INTO colaborador VALUES('47593775463',1500,1.5,44,'vigia',NULL);
INSERT INTO colaborador VALUES('40361326414',1500,1.5,44,'vigia',NULL);
INSERT INTO colaborador VALUES('30465066760',1500,1.5,44,'vigia',NULL);
INSERT INTO colaborador VALUES('99552274126',1500,1.5,44,'vigia',NULL);
INSERT INTO colaborador VALUES('77863391166',1500,1.5,44,'vigia',NULL);
INSERT INTO colaborador VALUES('84143678503',1200,1.0,40,'atendente','14978075283');
INSERT INTO colaborador VALUES('69622880977',1200,1.0,40,'atendente','64965565480');
INSERT INTO colaborador VALUES('39766363905',1200,1.0,40,'atendente','58132525455');
INSERT INTO colaborador VALUES('84163182971',1200,1.0,40,'atendente','18010475446');
INSERT INTO colaborador VALUES('83430747191',1200,1.0,40,'atendente','83136225054');
INSERT INTO colaborador VALUES('32107469665',1200,1.0,40,'atendente','13689007801');
INSERT INTO colaborador VALUES('22954382302',1200,1.0,40,'atendente','26077516726');
INSERT INTO colaborador VALUES('61106999248',1200,1.0,40,'atendente','21630372367');
INSERT INTO colaborador VALUES('24206927660',1200,1.0,40,'atendente','37953759657');
INSERT INTO colaborador VALUES('66086591416',1200,1.0,40,'atendente','36259394070');
INSERT INTO colaborador VALUES('78071242224',1200,1.0,40,'repositor','14978075283');
INSERT INTO colaborador VALUES('21429605049',1200,1.0,40,'repositor','64965565480');
INSERT INTO colaborador VALUES('62391171441',1200,1.0,40,'repositor','58132525455');
INSERT INTO colaborador VALUES('61803786816',1200,1.0,40,'repositor','18010475446');
INSERT INTO colaborador VALUES('14259894454',1200,1.0,40,'repositor','83136225054');
INSERT INTO colaborador VALUES('45513548671',1200,1.0,40,'repositor','13689007801');
INSERT INTO colaborador VALUES('56279470251',1200,1.0,40,'repositor','26077516726');
INSERT INTO colaborador VALUES('10497189624',1200,1.0,40,'repositor','21630372367');
INSERT INTO colaborador VALUES('17962005469',1200,1.0,40,'repositor','37953759657');
INSERT INTO colaborador VALUES('94260981676',1200,1.0,40,'repositor','36259394070');

INSERT INTO pedido VALUES(1,'2012-03-19','2012-04-19','2012-04-17','22222222000122','10x no boleto',6.73,False,'14978075283');
INSERT INTO pedido VALUES(2,'2013-09-26','2013-10-26','2013-10-29','22222222000123','1x no boleto',49.61,False,'64965565480');
INSERT INTO pedido VALUES(3,'2016-04-24','2016-05-24','2016-05-05','22222222000124','8x no boleto',4.00,True,'58132525455');
INSERT INTO pedido VALUES(4,'2016-06-05','2016-07-05','2016-07-27','35485758000160','4x no boleto',6.17,False,'18010475446');
INSERT INTO pedido VALUES(5,'2009-06-03','2009-07-03','2009-07-10','36471212000192','9x no boleto',6.84,False,'83136225054');
INSERT INTO pedido VALUES(6,'2018-02-24','2018-03-24','2018-03-08','37456667000124','8x no boleto',12.01,False,'13689007801');
INSERT INTO pedido VALUES(7,'2014-02-11','2014-03-11','2014-03-01','38442122000150','6x no boleto',14.07,True,'26077516726');
INSERT INTO pedido VALUES(8,'2012-02-26','2012-03-26','2012-03-12','39427571000188','5x no boleto',38.00,False,'21630372367');
INSERT INTO pedido VALUES(9,'2018-02-26','2018-03-26','2018-03-14','40413031000119','2x no boleto',35.19,True,'37953759657');
INSERT INTO pedido VALUES(10,'2013-10-15','2013-11-15','2013-11-26','41398485000142','9x no boleto',1.67,False,'36259394070');

INSERT INTO produtos_pedido VALUES(1,1,150);
INSERT INTO produtos_pedido VALUES(7,2,70);
INSERT INTO produtos_pedido VALUES(8,3,50);
INSERT INTO produtos_pedido VALUES(2,4,90);
INSERT INTO produtos_pedido VALUES(10,5,170);
INSERT INTO produtos_pedido VALUES(2,6,115);
INSERT INTO produtos_pedido VALUES(5,7,135);
INSERT INTO produtos_pedido VALUES(9,8,345);
INSERT INTO produtos_pedido VALUES(1,9,65);
INSERT INTO produtos_pedido VALUES(9,10,225);
INSERT INTO produtos_pedido VALUES(6,11,12);
INSERT INTO produtos_pedido VALUES(4,12,13);
INSERT INTO produtos_pedido VALUES(3,13,20); 

INSERT INTO atendente VALUES('84143678503','Eulah Cassinelli','Odell Scripture',1571,'crimpage','Jannie','38389-043',34931551249,'2000-11-02','ensino medio','solteiro',True,False);
INSERT INTO atendente VALUES('69622880977','Sheridan Glorius','Minna Pfundt',1847,'sulpholeic','Dona','38387-027',34910836912,'1999-10-05','ensino medio','solteiro',False,True);
INSERT INTO atendente VALUES('39766363905','Andre Kol','Gaston Belezos',352,'reviolate','Yukiko','38384-035',34940126042,'1998-06-28','ensino medio','solteiro',False,True);
INSERT INTO atendente VALUES('84163182971','Sharonda Kostyla','Aleida Vay',2150,'pronephron','Estefana','38383-015',34952484777,'1997-03-11','ensino medio','solteiro',False,True);
INSERT INTO atendente VALUES('83430747191','Torri Earleywine','Deane Whitson',3343,'archetype','Audria','38387-041',34985216799,'1996-10-22','ensino medio','solteiro',False,True);
INSERT INTO atendente VALUES('32107469665','Zelda Ridenour','Ali Karapetyan',2841,'cardiopneumatic','Sook','38380-031',34917771182,'1995-05-19','ensino medio','solteiro',True,False);
INSERT INTO atendente VALUES('22954382302','Geralyn Fabio','Zella Phippard',950,'anthropomorphist','Doyle','38387-080',34975142239,'1996-01-07','ensino medio','solteiro',False,True);
INSERT INTO atendente VALUES('61106999248','Fernando Joynt','Ila Ouinones',2246,'Corfiote','Jule','38388-043',34966823794,'1997-11-21','ensino medio','solteiro',True,False);
INSERT INTO atendente VALUES('24206927660','Enola Benedetto','Debbi Mousley',875,'ungamboling','Albertina','38380-019',34918214622,'1998-10-25','ensino medio','solteiro',False,True);
INSERT INTO atendente VALUES('66086591416','Thelma Eves','Devon Martling',4857,'wifeling','Mitsue','38380-005',34978999590,'1999-12-01','ensino medio','solteiro',False,True);

INSERT INTO repositor VALUES('78071242224','Vania Montalto','Nohemi Daleus',428,'parriable','Craawford','38601-55',34964695061,'2000-08-14','ensino medio','solteiro');
INSERT INTO repositor VALUES('21429605049','Raquel Goehner','Alvin Wolaver',625,'flimflammery','Pfaffinger','38882-358',34967333504,'1999-04-11','ensino medio','casado');
INSERT INTO repositor VALUES('62391171441','Yuriko Dockett','Melania Badua',803,'Athabasca','Hessman','38995-520',34932936026,'1998-10-02','ensino medio','solteiro');
INSERT INTO repositor VALUES('61803786816','Chi Rhyne','Marget Orwick',1958,'chabutra','Stricklen','38677-757',34997452493,'1997-11-09','ensino medio','casado');
INSERT INTO repositor VALUES('14259894454','Althea Noury','Marylin Hobson',795,'unexcursive','Ziolkowski','38827-31',34936257498,'1996-07-02','ensino medio','solteiro');
INSERT INTO repositor VALUES('45513548671','Nikita Pruzansky','Caleb Haddan',786,'sesquicentennia','Wainio','38909-780',34946953900,'1995-02-02','ensino medio','casado');
INSERT INTO repositor VALUES('56279470251','Faustino Blomker','Tad Olmedo',1721,'cavernoma','Bruggman','38432-49',34943640269,'1994-03-19','ensino medio','solteiro');
INSERT INTO repositor VALUES('10497189624','Consuela Marrison','Refugio Melonson',1463,'nuncio','Cordona','38807-112',34955090585,'1993-04-24','ensino medio','solteiro');
INSERT INTO repositor VALUES('17962005469','Shiela Mancos','Arminda Brefka',413,'Damgalnun','Beien','38515-344',34961492457,'1992-07-21','ensino medio','solteiro');
INSERT INTO repositor VALUES('94260981676','Joline Bovio','Omer Shastri',1471,'fibromucous','Butterfield','38279-416',34987036846,'1991-07-05','ensino medio','casado');

INSERT INTO vigia VALUES('11852048529','Nichelle Skorcz',True,'Phillis Europe',6833,'numberer','Elworthy','38424-973','34989604349','1995-01-03','ensino medio','casado');
INSERT INTO vigia VALUES('21166533086','Russell Innocent',True,'Yung Woodert',6453,'tabooism','Hiers','38695-621','34991844220','1994-11-13','ensino medio','solteiro');
INSERT INTO vigia VALUES('28005443812','Terence Seufer',True,'Berna Schwanebeck',3386,'heavenhood','Michael','38449-904','34998532289','1993-04-11','ensino medio','casado');
INSERT INTO vigia VALUES('10082363285','Rory Tregoning',True,'Arlean Dhamer',156,'rhabdosophy','Overlee','38480-166','34987425600','1992-03-17','ensino medio','casado');
INSERT INTO vigia VALUES('49663061336','Carolann Sadlier',True,'Lonnie Orielley',2775,'sialogenous','Nimrod','38417-625','34985780022','1991-03-18','ensino medio','casado');
INSERT INTO vigia VALUES('47593775463','Shari Tovar',True,'Candice Vicent',1621,'unreluctant','Giovanetti','38964-968','34997230977','1990-11-26','ensino medio','solteiro');
INSERT INTO vigia VALUES('40361326414','Clayton Gillet',True,'Cleotilde Lanahan',4841,'telecinematography','Tincher','38373-338','34993874439','1989-01-04','ensino medio','casado');
INSERT INTO vigia VALUES('30465066760','Jeana Vivas',True,'Anika Neighbors',3847,'photosphere','Farless','38652-191','34987188537','1988-12-26','ensino medio','solteiro');
INSERT INTO vigia VALUES('99552274126','Shaun Frossard',True,'Kasie Havlin',3611,'obtundent','Isa','38499-238','34990604463','1987-09-07','ensino medio','solteiro');
INSERT INTO vigia VALUES('77863391166','Serena Folson',True,'Lakendra Astorino',4742,'galactolytic','Cureton','38749-319','34990105888','1986-05-20','ensino medio','casado');

INSERT INTO responsabilidade_repositor VALUES('78071242224',1);
INSERT INTO responsabilidade_repositor VALUES('21429605049',2);
INSERT INTO responsabilidade_repositor VALUES('62391171441',3);
INSERT INTO responsabilidade_repositor VALUES('61803786816',4);
INSERT INTO responsabilidade_repositor VALUES('14259894454',5);
INSERT INTO responsabilidade_repositor VALUES('45513548671',6);
INSERT INTO responsabilidade_repositor VALUES('56279470251',7);
INSERT INTO responsabilidade_repositor VALUES('10497189624',8);
INSERT INTO responsabilidade_repositor VALUES('17962005469',9);
INSERT INTO responsabilidade_repositor VALUES('94260981676',1);

INSERT INTO carrinho_compra VALUES('3366348558489896500','10292857954','39766363905','2017-10-12','18:32:29',597.25,597.25,'dinheiro');
INSERT INTO carrinho_compra VALUES('5412881649751136983','48011475638','84163182971','2017-12-15','08:39:04',461.89,461.89,'cartao');
INSERT INTO carrinho_compra VALUES('2792221504205812062','49361950520','83430747191','2018-11-26','11:40:17',208.01,208.01,'dinheiro');
INSERT INTO carrinho_compra VALUES('2213919818194967867','59691033376','32107469665','2018-11-21','20:33:00',188.45,188.45,'cartao');
INSERT INTO carrinho_compra VALUES('7237462368156467549','91512802040','24206927660','2018-12-22','23:10:41',217.25,217.25,'cartao');
INSERT INTO carrinho_compra VALUES('6370828485997769927','91331996634','66086591416','2014-06-26','10:12:19',173.90,173.90,'cartao');
INSERT INTO carrinho_compra VALUES('4310601318580695355','31184823351','39766363905','2013-07-03','18:07:06',212.65,212.65,'dinheiro');
INSERT INTO carrinho_compra VALUES('3222680543075973592','38415250255','84163182971','2017-11-22','21:38:06',320.17,320.17,'cartao');
INSERT INTO carrinho_compra VALUES('5123883615413586930','66730312921','83430747191','2016-05-27','19:12:25',325.34,325.34,'cartao');
INSERT INTO carrinho_compra VALUES('2351276694937674797','39857537467','32107469665','2018-09-18','09:30:02',309.33,309.33,'cartao');

INSERT INTO produtos_Carrinho VALUES('3366348558489896500',1,25);
INSERT INTO produtos_Carrinho VALUES('5412881649751136983',2,10);
INSERT INTO produtos_Carrinho VALUES('2792221504205812062',3,5);
INSERT INTO produtos_Carrinho VALUES('2213919818194967867',4,2);
INSERT INTO produtos_Carrinho VALUES('7237462368156467549',5,4);
INSERT INTO produtos_Carrinho VALUES('6370828485997769927',6,3);
INSERT INTO produtos_Carrinho VALUES('4310601318580695355',7,8);
INSERT INTO produtos_Carrinho VALUES('3222680543075973592',8,11);
INSERT INTO produtos_Carrinho VALUES('5123883615413586930',9,3);
INSERT INTO produtos_Carrinho VALUES('2351276694937674797',10,7);

INSERT INTO produtos_Carrinho VALUES('3366348558489896500',10,6);
INSERT INTO produtos_Carrinho VALUES('5412881649751136983',1,10);
INSERT INTO produtos_Carrinho VALUES('2792221504205812062',2,5);
INSERT INTO produtos_Carrinho VALUES('2213919818194967867',3,5);
INSERT INTO produtos_Carrinho VALUES('7237462368156467549',4,2);
INSERT INTO produtos_Carrinho VALUES('6370828485997769927',5,4);
INSERT INTO produtos_Carrinho VALUES('4310601318580695355',6,4);
INSERT INTO produtos_Carrinho VALUES('3222680543075973592',7,8);
INSERT INTO produtos_Carrinho VALUES('5123883615413586930',8,11);
INSERT INTO produtos_Carrinho VALUES('2351276694937674797',9,4);

INSERT INTO produtos_Carrinho VALUES('3366348558489896500',9,4);
INSERT INTO produtos_Carrinho VALUES('5412881649751136983',10,6);
INSERT INTO produtos_Carrinho VALUES('2792221504205812062',1,5);
INSERT INTO produtos_Carrinho VALUES('2213919818194967867',2,5);
INSERT INTO produtos_Carrinho VALUES('7237462368156467549',3,5);
INSERT INTO produtos_Carrinho VALUES('6370828485997769927',4,2);
INSERT INTO produtos_Carrinho VALUES('4310601318580695355',5,4);
INSERT INTO produtos_Carrinho VALUES('3222680543075973592',6,4);
INSERT INTO produtos_Carrinho VALUES('5123883615413586930',7,8);
INSERT INTO produtos_Carrinho VALUES('2351276694937674797',8,11);

INSERT INTO produtos_Carrinho VALUES('3366348558489896500',8,11);
INSERT INTO produtos_Carrinho VALUES('5412881649751136983',9,4);
INSERT INTO produtos_Carrinho VALUES('2792221504205812062',10,6);
INSERT INTO produtos_Carrinho VALUES('2213919818194967867',1,5);
INSERT INTO produtos_Carrinho VALUES('7237462368156467549',2,5);
INSERT INTO produtos_Carrinho VALUES('6370828485997769927',3,2);
INSERT INTO produtos_Carrinho VALUES('4310601318580695355',4,2);
INSERT INTO produtos_Carrinho VALUES('3222680543075973592',5,4);
INSERT INTO produtos_Carrinho VALUES('5123883615413586930',6,4);
INSERT INTO produtos_Carrinho VALUES('2351276694937674797',7,8);

INSERT INTO produtos_Carrinho VALUES('3366348558489896500',7,11);
INSERT INTO produtos_Carrinho VALUES('5412881649751136983',8,12);
INSERT INTO produtos_Carrinho VALUES('2792221504205812062',9,4);
INSERT INTO produtos_Carrinho VALUES('2213919818194967867',10,6);
INSERT INTO produtos_Carrinho VALUES('7237462368156467549',1,5);
INSERT INTO produtos_Carrinho VALUES('6370828485997769927',2,5);
INSERT INTO produtos_Carrinho VALUES('4310601318580695355',3,3);
INSERT INTO produtos_Carrinho VALUES('3222680543075973592',4,2);
INSERT INTO produtos_Carrinho VALUES('5123883615413586930',5,4);
INSERT INTO produtos_Carrinho VALUES('2351276694937674797',6,4);

INSERT INTO produtos_Carrinho VALUES('3366348558489896500',11,4);
INSERT INTO produtos_Carrinho VALUES('5412881649751136983',12,5);
INSERT INTO produtos_Carrinho VALUES('2792221504205812062',13,2);